GL_Account,GL_Account_Full,Description,GL_Account_Type,Account_Group,Chart_of_Accounts,Company_Code,Currency,Open_Item_Mgmt,Line_Item_Display,Recon_Type,Field_Status_Group,PL_Statement_Acct_Type,FSV_Item
111000,0000111000,Plant & Machinery,Balance Sheet Account,FA,INCA,IN10,INR,,X,A,G007,,BS.A.NCA.PPE
111900,0000111900,Acc. Depreciation - P&M,Balance Sheet Account,FA,INCA,IN10,INR,,X,A,G007,,BS.A.NCA.PPE
112000,0000112000,Office Equipment,Balance Sheet Account,FA,INCA,IN10,INR,,X,A,G007,,BS.A.NCA.PPE
112900,0000112900,Acc. Depreciation - Office Eqpt,Balance Sheet Account,FA,INCA,IN10,INR,,X,A,G007,,BS.A.NCA.PPE
131000,0000131000,Raw Material Inventory,Balance Sheet Account,CA,INCA,IN10,INR,,X,,G001,,BS.A.CA.INV
132000,0000132000,Finished Goods Inventory,Balance Sheet Account,CA,INCA,IN10,INR,,X,,G001,,BS.A.CA.INV
141000,0000141000,Trade Receivables - Domestic,Balance Sheet Account,RECN,INCA,IN10,INR,,X,D,G067,,BS.A.CA.TR
151000,0000151000,Prepaid Expenses,Balance Sheet Account,CA,INCA,IN10,INR,X,X,,G001,,BS.A.CA.OCA
152000,0000152000,Accrued Interest Receivable,Balance Sheet Account,CA,INCA,IN10,INR,X,X,,G001,,BS.A.CA.OCA
153000,0000153000,Advances to Suppliers,Balance Sheet Account,CA,INCA,IN10,INR,X,X,,G001,,BS.A.CA.STLA
161000,0000161000,Input GST Credit,Balance Sheet Account,CA,INCA,IN10,INR,X,X,,G001,,BS.A.CA.STLA
171000,0000171000,HDFC Bank - Current A/c,Cash Account,BANK,INCA,IN10,INR,,X,,G005,,BS.A.CA.CCE
172000,0000172000,SBI Fixed Deposit,Balance Sheet Account,BANK,INCA,IN10,INR,,X,,G005,,BS.A.CA.CCE
211000,0000211000,Trade Payables - Domestic,Balance Sheet Account,RECN,INCA,IN10,INR,,X,K,G067,,BS.EL.CL.TP
219100,0000219100,GR/IR Clearing,Balance Sheet Account,CL,INCA,IN10,INR,X,X,,G001,,BS.EL.CL.OCL
219500,0000219500,Accrued Expenses,Balance Sheet Account,CL,INCA,IN10,INR,X,X,,G001,,BS.EL.CL.OCL
219600,0000219600,Income Received in Advance,Balance Sheet Account,CL,INCA,IN10,INR,X,X,,G001,,BS.EL.CL.OCL
221000,0000221000,GST Output Payable,Balance Sheet Account,CL,INCA,IN10,INR,X,X,,G001,,BS.EL.CL.OCL
222000,0000222000,TDS Payable,Balance Sheet Account,CL,INCA,IN10,INR,X,X,,G001,,BS.EL.CL.OCL
231000,0000231000,Provision for Income Tax,Balance Sheet Account,CL,INCA,IN10,INR,,X,,G001,,BS.EL.CL.STP
251000,0000251000,Term Loan - SBI,Balance Sheet Account,LOAN,INCA,IN10,INR,,X,,G001,,BS.EL.NCL.LTB
311000,0000311000,Equity Share Capital,Balance Sheet Account,EQ,INCA,IN10,INR,,X,,G001,,BS.EL.SF.SC
321000,0000321000,Retained Earnings,Balance Sheet Account,EQ,INCA,IN10,INR,,X,,G001,,BS.EL.SF.RS
411000,0000411000,Sales - Domestic,Primary Costs or Revenue,REV,INCA,IN10,INR,,X,,G029,X,PL.REV
421000,0000421000,Interest Income on FD,Nonoperating Expense or Income,REV,INCA,IN10,INR,,X,,G029,X,PL.OI
422000,0000422000,Rental Income,Nonoperating Expense or Income,REV,INCA,IN10,INR,,X,,G029,X,PL.OI
511000,0000511000,Raw Material Consumed,Primary Costs or Revenue,EXP,INCA,IN10,INR,,X,,G004,X,PL.EXP.COMC
611000,0000611000,Salaries & Wages,Primary Costs or Revenue,EXP,INCA,IN10,INR,,X,,G004,X,PL.EXP.EMP
612000,0000612000,Contribution to PF & ESI,Primary Costs or Revenue,EXP,INCA,IN10,INR,,X,,G004,X,PL.EXP.EMP
621000,0000621000,Power & Fuel,Primary Costs or Revenue,EXP,INCA,IN10,INR,,X,,G004,X,PL.EXP.OTH
623000,0000623000,Insurance,Primary Costs or Revenue,EXP,INCA,IN10,INR,,X,,G004,X,PL.EXP.OTH
624000,0000624000,Software Subscription,Primary Costs or Revenue,EXP,INCA,IN10,INR,,X,,G004,X,PL.EXP.OTH
631000,0000631000,Audit Fees,Primary Costs or Revenue,EXP,INCA,IN10,INR,,X,,G004,X,PL.EXP.OTH
641000,0000641000,Depreciation,Primary Costs or Revenue,EXP,INCA,IN10,INR,,X,,G004,X,PL.EXP.DEP
651000,0000651000,Interest on Term Loan,Nonoperating Expense or Income,EXP,INCA,IN10,INR,,X,,G004,X,PL.EXP.FIN
661000,0000661000,Repairs & Maintenance,Primary Costs or Revenue,EXP,INCA,IN10,INR,,X,,G004,X,PL.EXP.OTH
662000,0000662000,Freight Outward,Primary Costs or Revenue,EXP,INCA,IN10,INR,,X,,G004,X,PL.EXP.OTH
671000,0000671000,Current Tax Expense,Nonoperating Expense or Income,EXP,INCA,IN10,INR,,X,,G004,X,PL.TAX
