Document,Doc_Type,TCode,Posting_Date,Fiscal_Period,Line,Posting_Key,GL_Account,GL_Text,Debit_INR,Credit_INR,Entry_ID,Reference,Reversal_Of
0100000451,SA,FBS1,2026-09-30,P06,1,40,621000,Power & Fuel,120000,0,A1,ACR-SEP26-A1,
0100000451,SA,FBS1,2026-09-30,P06,2,50,219500,Accrued Expenses,0,120000,A1,ACR-SEP26-A1,
0100000461,AB,F.81,2026-10-01,P07,1,40,219500,Accrued Expenses,120000,0,A1,ACR-SEP26-A1,0100000451
0100000461,AB,F.81,2026-10-01,P07,2,50,621000,Power & Fuel,0,120000,A1,ACR-SEP26-A1,0100000451
0100000452,SA,FBS1,2026-09-30,P06,1,40,631000,Audit Fees,50000,0,A2,ACR-SEP26-A2,
0100000452,SA,FBS1,2026-09-30,P06,2,50,219500,Accrued Expenses,0,50000,A2,ACR-SEP26-A2,
0100000462,AB,F.81,2026-10-01,P07,1,40,219500,Accrued Expenses,50000,0,A2,ACR-SEP26-A2,0100000452
0100000462,AB,F.81,2026-10-01,P07,2,50,631000,Audit Fees,0,50000,A2,ACR-SEP26-A2,0100000452
0100000453,SA,FBS1,2026-09-30,P06,1,40,651000,Interest on Term Loan,62500,0,A3,ACR-SEP26-A3,
0100000453,SA,FBS1,2026-09-30,P06,2,50,219500,Accrued Expenses,0,62500,A3,ACR-SEP26-A3,
0100000463,AB,F.81,2026-10-01,P07,1,40,219500,Accrued Expenses,62500,0,A3,ACR-SEP26-A3,0100000453
0100000463,AB,F.81,2026-10-01,P07,2,50,651000,Interest on Term Loan,0,62500,A3,ACR-SEP26-A3,0100000453
0100000454,SA,FBS1,2026-09-30,P06,1,40,152000,Accrued Interest Receivable,18750,0,A4,ACR-SEP26-A4,
0100000454,SA,FBS1,2026-09-30,P06,2,50,421000,Interest Income on FD,0,18750,A4,ACR-SEP26-A4,
0100000464,AB,F.81,2026-10-01,P07,1,40,421000,Interest Income on FD,18750,0,A4,ACR-SEP26-A4,0100000454
0100000464,AB,F.81,2026-10-01,P07,2,50,152000,Accrued Interest Receivable,0,18750,A4,ACR-SEP26-A4,0100000454
0100000455,SA,FBS1,2026-09-30,P06,1,40,422000,Rental Income,150000,0,D1,ACR-SEP26-D1,
0100000455,SA,FBS1,2026-09-30,P06,2,50,219600,Income Received in Advance,0,150000,D1,ACR-SEP26-D1,
0100000465,AB,F.81,2026-10-01,P07,1,40,219600,Income Received in Advance,150000,0,D1,ACR-SEP26-D1,0100000455
0100000465,AB,F.81,2026-10-01,P07,2,50,422000,Rental Income,0,150000,D1,ACR-SEP26-D1,0100000455
0100000456,SA,FBS1,2026-09-30,P06,1,40,151000,Prepaid Expenses,90000,0,D2,ACR-SEP26-D2,
0100000456,SA,FBS1,2026-09-30,P06,2,50,624000,Software Subscription,0,90000,D2,ACR-SEP26-D2,
0100000466,AB,F.81,2026-10-01,P07,1,40,624000,Software Subscription,90000,0,D2,ACR-SEP26-D2,0100000456
0100000466,AB,F.81,2026-10-01,P07,2,50,151000,Prepaid Expenses,0,90000,D2,ACR-SEP26-D2,0100000456
1900000123,KR,FB60,2026-10-08,P07,1,40,621000,Power & Fuel,123500,0,TRUEUP,MSEDCL/SEP26/7781,
1900000123,KR,FB60,2026-10-08,P07,2,31,211000,Trade Payables - Domestic,0,123500,TRUEUP,MSEDCL/SEP26/7781,
