GL_Account,Description,Debit_INR,Credit_INR,Balance_INR,FSV_Item
111000,Plant & Machinery,18500000,0,18500000,BS.A.NCA.PPE
111900,Acc. Depreciation - P&M,0,4200000,-4200000,BS.A.NCA.PPE
112000,Office Equipment,1200000,0,1200000,BS.A.NCA.PPE
112900,Acc. Depreciation - Office Eqpt,0,360000,-360000,BS.A.NCA.PPE
131000,Raw Material Inventory,3840000,0,3840000,BS.A.CA.INV
132000,Finished Goods Inventory,2250000,0,2250000,BS.A.CA.INV
141000,Trade Receivables - Domestic,6480000,0,6480000,BS.A.CA.TR
151000,Prepaid Expenses,210000,0,210000,BS.A.CA.OCA
152000,Accrued Interest Receivable,18750,0,18750,BS.A.CA.OCA
153000,Advances to Suppliers,450000,0,450000,BS.A.CA.STLA
161000,Input GST Credit,630000,0,630000,BS.A.CA.STLA
171000,HDFC Bank - Current A/c,1875000,0,1875000,BS.A.CA.CCE
172000,SBI Fixed Deposit,3000000,0,3000000,BS.A.CA.CCE
211000,Trade Payables - Domestic,0,4860000,-4860000,BS.EL.CL.TP
219100,GR/IR Clearing,0,340000,-340000,BS.EL.CL.OCL
219500,Accrued Expenses,0,232500,-232500,BS.EL.CL.OCL
219600,Income Received in Advance,0,150000,-150000,BS.EL.CL.OCL
221000,GST Output Payable,0,720000,-720000,BS.EL.CL.OCL
222000,TDS Payable,0,135000,-135000,BS.EL.CL.OCL
231000,Provision for Income Tax,0,900000,-900000,BS.EL.CL.STP
251000,Term Loan - SBI,0,7500000,-7500000,BS.EL.NCL.LTB
311000,Equity Share Capital,0,10000000,-10000000,BS.EL.SF.SC
321000,Retained Earnings,0,4138750,-4138750,BS.EL.SF.RS
411000,Sales - Domestic,0,32400000,-32400000,PL.REV
421000,Interest Income on FD,0,112500,-112500,PL.OI
422000,Rental Income,0,900000,-900000,PL.OI
511000,Raw Material Consumed,19440000,0,19440000,PL.EXP.COMC
611000,Salaries & Wages,4200000,0,4200000,PL.EXP.EMP
612000,Contribution to PF & ESI,360000,0,360000,PL.EXP.EMP
621000,Power & Fuel,720000,0,720000,PL.EXP.OTH
623000,Insurance,120000,0,120000,PL.EXP.OTH
624000,Software Subscription,450000,0,450000,PL.EXP.OTH
631000,Audit Fees,300000,0,300000,PL.EXP.OTH
641000,Depreciation,990000,0,990000,PL.EXP.DEP
651000,Interest on Term Loan,375000,0,375000,PL.EXP.FIN
661000,Repairs & Maintenance,280000,0,280000,PL.EXP.OTH
662000,Freight Outward,360000,0,360000,PL.EXP.OTH
671000,Current Tax Expense,900000,0,900000,PL.TAX
