Document,Doc_Type,Posting_Date,Period,Line,PK,GL_Account,Description,Debit_INR,Credit_INR
4900000612,WL,2026-10-05,007/2026,1,81,531000,Cost of Goods Sold - FG,1450000,
4900000612,WL,2026-10-05,007/2026,2,99,132000,Finished Goods Inventory,,1450000
1800000205,RV,2026-10-05,007/2026,1,01,200001,Kalinga Auto Components (recon 141000),2289200,
1800000205,RV,2026-10-05,007/2026,2,50,411000,"Sales - Domestic (ERL, PR00)",,2000000
1800000205,RV,2026-10-05,007/2026,3,40,412000,"Sales Deductions (ERS, K007 3%)",60000,
1800000205,RV,2026-10-05,007/2026,4,50,221000,GST Output Payable - IGST 18% (JOIG),,349200
1400000088,DZ,2026-10-14,007/2026,1,40,171200,HDFC Bank - Incoming Payments,2248460,
1400000088,DZ,2026-10-14,007/2026,2,40,663000,"Cash Discount Allowed (SKT, 2% of 19,40,000)",38800,
1400000088,DZ,2026-10-14,007/2026,3,40,162000,TDS Receivable - 194Q deducted by customer,1940,
1400000088,DZ,2026-10-14,007/2026,4,15,200001,Kalinga Auto Components: clears 1800000205,,2289200
