Asset,Class,Description,Cap_Date,APC_INR,Life_Months,Monthly_Dep_INR,YTD_Dep_Apr_Sep_INR,Acc_Dep_300926_INR,NBV_300926_INR,APC_GL,Tax_WDV_010426_INR,Tax_Dep_FY2026_27_INR
1100001,1100,Air compressor 75 kW & pneumatic lines,2021-04-12,540000,180,3000,18000,198000,342000,111000,239601,35940
1100002,1100,Manual centre lathe LT-2,2021-04-12,720000,180,4000,24000,264000,456000,111000,319467,47920
1100003,1100,CNC turning centre TC-1,2022-07-18,1200000,120,10000,60000,510000,690000,111000,626407,93961
1100004,1100,Induction hardening machine IH-40,2023-04-06,2280000,120,19000,114000,798000,1482000,111000,1400205,210031
1100005,1100,CNC turning centre TC-2,2024-04-22,2880000,120,24000,144000,720000,2160000,111000,2080800,312120
1100006,1100,Machining cell MC-2 (2 VMC-850 + robot loader),2025-02-10,9600000,120,80000,480000,1600000,8000000,111000,7548000,1132200
1100007,1100,Hydraulic press 150 T,2026-07-14,1200000,120,10000,30000,30000,1170000,111000,1200000,180000
1500001,1500,"Gauges & measuring instruments, 16 x Rs 5,000 (LVA)",2024-06-20,80000,LVA,0,0,80000,0,111000,57800,8670
1200001,1200,"Air conditioning, admin block",2024-04-08,480000,60,8000,48000,240000,240000,112000,346800,52020
1200002,1200,CCTV & access control system,2025-12-15,420000,60,7000,42000,70000,350000,112000,388500,58275
1200003,1200,Photocopiers & printers (3),2025-12-15,300000,60,5000,30000,50000,250000,112000,277500,41625
