Document,Doc_Type,TCode,Posting_Date,Period,Line,PK,Account,Description,Debit_INR,Credit_INR
1900000124,KR,F-90,2026-10-09,007/2026,1,31,100003,Bharat CNC Machines Pvt Ltd (recon 211000),,2478000
1900000124,KR,F-90,2026-10-09,007/2026,2,70,4000001,"AUC VMC-1060 (APC 119000), trans. type 100",2100000,
1900000124,KR,F-90,2026-10-09,007/2026,3,40,161000,Input GST Credit - IGST 18%,378000,
1900000125,KR,F-90,2026-10-16,007/2026,1,31,100004,Sahyadri Engineering Services (recon 211000),,69600
1900000125,KR,F-90,2026-10-16,007/2026,2,70,4000001,"AUC VMC-1060 (APC 119000), installation",60000,
1900000125,KR,F-90,2026-10-16,007/2026,3,40,161000,Input GST Credit - CGST 9%,5400,
1900000125,KR,F-90,2026-10-16,007/2026,4,40,161000,Input GST Credit - SGST 9%,5400,
1900000125,KR,F-90,2026-10-16,007/2026,5,50,222000,TDS Payable - 194C 2%,,1200
0100000467,AA,AIBU,2026-10-20,007/2026,1,70,1100008,"VMC-1060 (APC 111000), capitalised 20.10.2026",2160000,
0100000467,AA,AIBU,2026-10-20,007/2026,2,75,4000001,"AUC VMC-1060 (APC 119000), settled",,2160000
1800000206,DR,F-92,2026-10-26,007/2026,1,01,200005,Chakan Machine Traders (recon 141000),590000,
1800000206,DR,F-92,2026-10-26,007/2026,2,50,221000,GST Output Payable - CGST 9%,,45000
1800000206,DR,F-92,2026-10-26,007/2026,3,50,221000,GST Output Payable - SGST 9%,,45000
1800000206,DR,F-92,2026-10-26,007/2026,4,50,219700,"Asset Sale Clearing: sale value, asset 1100002, trans. type 210",,500000
1800000206,DR,F-92,2026-10-26,007/2026,5,40,219700,Asset Sale Clearing: cleared by the system,500000,
1800000206,DR,F-92,2026-10-26,007/2026,6,75,1100002,Lathe LT-2: APC retired (111000),,720000
1800000206,DR,F-92,2026-10-26,007/2026,7,70,1100002,Lathe LT-2: acc. depreciation retired (111900),264000,
1800000206,DR,F-92,2026-10-26,007/2026,8,50,423000,Profit on Sale of Fixed Assets,,44000
0500000007,AF,AFAB,2026-10-31,007/2026,1,40,641000,"Depreciation, period 007/2026",184000,
0500000007,AF,AFAB,2026-10-31,007/2026,2,50,111900,Acc. Depreciation - P&M,,164000
0500000007,AF,AFAB,2026-10-31,007/2026,3,50,112900,Acc. Depreciation - Office Eqpt,,20000
