Asset,Description,APC_GL,AccDep_GL,Planned_Dep_007_INR,Note
1100001,Air compressor 75 kW & pneumatic lines,111000,111900,3000,
1100002,Manual centre lathe LT-2,111000,111900,0,Sold 26.10: no depreciation in the retirement period
1100003,CNC turning centre TC-1,111000,111900,10000,
1100004,Induction hardening machine IH-40,111000,111900,19000,
1100005,CNC turning centre TC-2,111000,111900,24000,
1100006,Machining cell MC-2 (2 VMC-850 + robot loader),111000,111900,80000,
1100007,Hydraulic press 150 T,111000,111900,10000,
1500001,"Gauges & measuring instruments, 16 x Rs 5,000 (LVA)",111000,111900,0,LVA: fully written off in FY 2024
1200001,"Air conditioning, admin block",112000,112900,8000,
1200002,CCTV & access control system,112000,112900,7000,
1200003,Photocopiers & printers (3),112000,112900,5000,
1100008,Vertical machining centre VMC-1060,111000,111900,18000,Capitalised 20.10: full October (period control 01)
